sensor,time,acc_x,acc_y,acc_z,trial_status
Sensor_0x1D,609902,-0.532,-0.061,-0.682,
Sensor_0x1D,609936,0.018,-0.211,-0.842,
Sensor_0x1D,609971,0.018,-0.131,-0.682,
Sensor_0x1D,610006,-0.132,0.019,-0.842,
Sensor_0x1D,610041,-0.212,-0.061,-0.682,
Sensor_0x1D,610076,-0.132,0.019,-0.212,
Sensor_0x1D,610109,-0.372,0.019,-0.912,
Sensor_0x1D,610144,-0.132,0.099,-0.372,
Sensor_0x1D,610179,-0.062,-0.131,-0.912,
Sensor_0x1D,610214,-0.132,0.099,-0.372,
Sensor_0x1D,610249,-0.292,0.179,-0.602,
Sensor_0x1D,610282,0.258,0.179,-0.762,
Sensor_0x1D,610317,0.178,-0.211,-1.072,
Sensor_0x1D,610352,0.098,0.099,-0.912,
Sensor_0x1D,610387,-0.212,0.019,-0.522,
Sensor_0x1D,610422,-0.062,0.019,-0.682,
Sensor_0x1D,610455,0.098,0.019,-0.602,
Sensor_0x1D,610490,-3.592,2.919,-15.982,
Sensor_0x1D,610524,-0.602,-1.151,-20.612,
Sensor_0x1D,610557,9.748,-7.821,37.288,
Sensor_0x1D,610591,-4.532,5.979,-3.432,
Sensor_0x1D,610624,-7.902,4.179,-35.752,
Sensor_0x1D,610658,9.038,-9.391,23.478,
Sensor_0x1D,610691,-1.002,5.039,7.718,
Sensor_0x1D,610724,-10.182,6.059,-38.492,
Sensor_0x1D,610758,8.418,-9.311,22.858,
Sensor_0x1D,610791,2.608,2.609,18.378,
Sensor_0x1D,610825,-11.432,7.709,-36.692,
Sensor_0x1D,610858,7.078,-8.061,12.188,
Sensor_0x1D,610891,6.608,0.019,29.528,
Sensor_0x1D,610925,-11.432,8.339,-30.412,
Sensor_0x1D,610958,5.038,-7.041,-0.372,
Sensor_0x1D,610992,8.418,-3.041,36.588,
Sensor_0x1D,611025,-9.942,8.809,-21.232,
Sensor_0x1D,611059,-1.232,-1.701,-21.392,
Sensor_0x1D,611092,9.748,-7.981,36.038,
Sensor_0x1D,611126,-4.062,6.999,-0.682,
Sensor_0x1D,611160,-8.692,4.179,-36.382,
Sensor_0x1D,611193,8.728,-9.711,20.818,
Sensor_0x1D,611227,2.848,3.159,20.738,
Sensor_0x1D,611260,-11.042,6.219,-38.022,
Sensor_0x1D,611293,7.238,-8.531,9.048,
Sensor_0x1D,611327,3.078,2.689,21.048,
Sensor_0x1D,611360,-12.222,7.399,-35.362,
Sensor_0x1D,611393,7.238,-8.451,8.808,
Sensor_0x1D,611427,6.218,-0.531,31.088,
Sensor_0x1D,611460,-11.432,8.179,-28.692,
Sensor_0x1D,611494,4.568,-6.881,-2.412,
Sensor_0x1D,611527,8.338,-3.671,37.678,
Sensor_0x1D,611561,-9.632,8.419,-19.592,
Sensor_0x1D,611594,-1.862,-0.681,-22.962,
Sensor_0x1D,611628,10.058,-8.141,35.488,
Sensor_0x1D,611661,-3.902,6.849,1.278,
Sensor_0x1D,611695,-5.942,2.219,-32.222,
Sensor_0x1D,611728,9.278,-9.781,28.268,
Sensor_0x1D,611762,3.708,2.379,21.988,
Sensor_0x1D,611795,-11.902,7.709,-34.652,
Sensor_0x1D,611829,4.968,-6.801,-3.902,
Sensor_0x1D,611862,6.218,-1.001,32.038,
Sensor_0x1D,611896,-11.352,8.179,-27.432,
Sensor_0x1D,611929,4.258,-6.331,-3.822,
Sensor_0x1D,611963,8.338,-4.061,37.448,
Sensor_0x1D,611996,-9.392,8.259,-18.172,
Sensor_0x1D,612029,-2.332,-0.921,-24.692,
Sensor_0x1D,612063,9.438,-7.121,37.368,
Sensor_0x1D,612096,-6.492,8.179,-7.502,
Sensor_0x1D,612130,-6.332,2.609,-33.392,
Sensor_0x1D,612163,9.748,-8.691,34.148,
Sensor_0x1D,612197,-2.882,6.769,4.028,
Sensor_0x1D,612230,-6.882,2.849,-33.792,
Sensor_0x1D,612263,9.038,-9.711,26.148,
Sensor_0x1D,612296,-11.902,7.949,-32.222,
Sensor_0x1D,612329,3.628,-5.551,-7.822,
Sensor_0x1D,612364,6.298,-8.141,3.708,
Sensor_0x1D,612398,7.238,-1.781,34.548,
Sensor_0x1D,612430,-3.982,0.729,-27.752,
Sensor_0x1D,612463,9.588,-7.741,36.818,
Sensor_0x1D,612498,9.038,-5.231,37.678,
Sensor_0x1D,612531,-8.452,8.259,-14.882,
Sensor_0x1D,612563,9.358,-9.471,31.718,
Sensor_0x1D,612597,-1.862,5.589,7.478,
Sensor_0x1D,612630,-9.942,5.979,-38.342,
Sensor_0x1D,612665,-7.432,3.549,-35.042,
Sensor_0x1D,612697,1.908,3.469,18.148,
Sensor_0x1D,612731,-11.982,7.319,-36.452,
Sensor_0x1D,612764,5.908,-7.741,0.888,
Sensor_0x1D,612797,5.508,0.489,29.208,
Sensor_0x1D,612831,-10.412,8.259,-22.332,
Sensor_0x1D,612865,2.768,-4.451,-10.882,
Sensor_0x1D,612898,8.808,-5.861,37.918,
Sensor_0x1D,612931,-10.022,8.649,-21.702,
Sensor_0x1D,612965,-0.922,-1.781,-21.312,
Sensor_0x1D,612998,7.628,-3.351,36.348,
Sensor_0x1D,613031,-10.022,8.339,-20.532,
Sensor_0x53,613043,0.175,0.196,-0.12,
Sensor_0x1D,613065,-1.082,-1.471,-22.022,
Sensor_0x53,613076,-0.055,-0.194,-0.2,
Sensor_0x1D,613098,10.218,-8.221,35.798,
Sensor_0x53,613111,0.575,0.116,0.12,
Sensor_0x1D,613132,-4.062,6.849,-0.132,
Sensor_0x53,613144,0.105,0.116,0.27,
Sensor_0x1D,613165,-5.312,1.899,-31.202,
Sensor_0x53,613178,-0.055,-0.514,-0.28,
Sensor_0x1D,613199,9.668,-9.941,29.448,
Sensor_0x53,613211,0.025,-0.274,-0.04,
Sensor_0x1D,613232,-0.372,5.039,11.168,
Sensor_0x53,613246,0.255,0.356,0.04,
Sensor_0x1D,613266,-10.882,6.849,-38.342,
Sensor_0x53,613279,0.025,0.116,-0.43,
Sensor_0x1D,613299,7.478,-8.221,8.258,
Sensor_0x53,613313,-0.135,0.116,-0.12,
Sensor_0x1D,613333,6.218,-0.841,31.248,
Sensor_0x53,613346,0.105,0.196,0.12,
Sensor_0x1D,613366,-11.202,8.419,-27.982,
Sensor_0x53,613380,-0.055,-0.124,-0.04,
Sensor_0x1D,613400,1.438,-3.671,-14.722,
Sensor_0x53,613415,-0.055,0.036,0.04,
Sensor_0x1D,613433,8.418,-4.211,36.978,
Sensor_0x53,613448,-0.055,-0.044,0.04,
Sensor_0x1D,613467,-9.162,8.569,-17.472,
Sensor_0x53,613482,0.025,-0.044,0.04,
Sensor_0x1D,613500,-2.252,-0.611,-25.242,
Sensor_0x53,613515,-0.055,0.116,0.04,
Sensor_0x1D,613534,9.988,-8.371,34.228,
Sensor_0x53,613550,0.105,0.116,-0.2,
Sensor_0x1D,613567,-2.642,6.689,3.868,
Sensor_0x53,613583,-0.055,-0.044,-0.04,
Sensor_0x1D,613601,-9.392,5.439,-38.102,
Sensor_0x53,613617,-0.055,0.356,0.04,
Sensor_0x1D,613634,9.198,-9.941,25.678,
Sensor_0x53,613650,-0.135,-0.274,-0.04,
Sensor_0x1D,613668,0.808,3.939,15.248,
Sensor_0x53,613685,-0.055,-0.044,0.27,
Sensor_0x1D,613701,-11.592,6.929,-37.002,
Sensor_0x53,613719,-0.055,-0.194,0.35,
Sensor_0x1D,613735,6.528,-8.061,3.638,
Sensor_0x53,613752,-0.055,-0.124,-0.28,
Sensor_0x1D,613768,7.238,-2.251,34.468,
Sensor_0x53,613787,0.025,0.586,0.12,
Sensor_0x1D,613802,-10.962,8.339,-24.612,
Sensor_0x53,613820,0.255,0.036,-0.43,
Sensor_0x1D,613835,3.398,-5.231,-8.452,
Sensor_0x53,613854,-0.135,0.356,-0.12,
Sensor_0x1D,613869,8.808,-5.231,37.918,
Sensor_0x53,613887,0.025,-0.354,0.04,
Sensor_0x1D,613902,-7.902,7.949,-13.862,
Sensor_0x53,613922,-0.525,0.116,-0.04,
Sensor_0x1D,613936,-4.062,1.039,-28.532,
Sensor_0x53,613954,-0.055,-0.044,0.04,
Sensor_0x1D,613969,9.438,-7.821,36.428,
Sensor_0x53,613989,-0.055,-0.044,-0.04,
Sensor_0x1D,614002,-4.452,7.319,-1.862,
Sensor_0x53,614022,-0.055,0.116,-0.2,
Sensor_0x1D,614036,-8.062,3.789,-35.672,
Sensor_0x53,614056,0.025,0.196,0.04,
Sensor_0x1D,614069,9.038,-10.021,21.838,
Sensor_0x53,614091,0.335,-0.434,0.04,
Sensor_0x1D,614103,2.448,3.319,19.558,
Sensor_0x53,614124,-0.215,-0.194,0.04,
Sensor_0x1D,614136,-11.902,7.709,-35.752,
Sensor_0x53,614158,0.105,-0.044,-0.12,
Sensor_0x1D,614170,5.438,-7.271,-1.152,
Sensor_0x53,614191,-0.375,-0.044,0.04,
Sensor_0x1D,614203,5.668,-0.371,30.388,
Sensor_0x53,614226,0.025,-0.274,-0.04,
Sensor_0x1D,614237,-11.672,8.099,-29.162,
Sensor_0x53,614259,-0.055,-0.124,-0.12,
Sensor_0x1D,614270,2.138,-4.141,-12.762,
Sensor_0x53,614293,0.025,0.116,0.19,
Sensor_0x1D,614304,9.438,-6.251,37.608,
Sensor_0x53,614326,-0.445,-0.124,0.04,
Sensor_0x1D,614337,-7.042,8.019,-9.312,
Sensor_0x53,614361,-0.055,-0.044,0.04,
Sensor_0x1D,614371,-2.022,-1.151,-23.512,
Sensor_0x53,614394,0.025,-0.044,0.12,
Sensor_0x1D,614404,9.748,-8.371,34.548,
Sensor_0x53,614428,-0.055,-0.044,0.04,
Sensor_0x1D,614438,-6.412,8.019,-7.902,
Sensor_0x53,614461,0.175,0.036,-0.2,
Sensor_0x1D,614471,-6.332,2.689,-32.922,
Sensor_0x53,614496,-0.135,-0.044,-0.2,
Sensor_0x1D,614504,8.888,-9.861,26.698,
Sensor_0x53,614529,-0.055,0.036,0.27,
Sensor_0x1D,614538,0.648,4.339,13.518,
Sensor_0x53,614563,-0.135,0.116,-0.04,
Sensor_0x1D,614571,-9.712,5.119,-37.632,
Sensor_0x53,614598,0.105,0.116,-0.12,
Sensor_0x1D,614605,8.178,-9.241,15.478,
Sensor_0x53,614631,-0.055,-0.194,-0.12,
Sensor_0x1D,614639,4.258,1.429,25.838,
Sensor_0x53,614666,-0.055,0.116,-0.28,
Sensor_0x1D,614672,-11.902,7.079,-37.082,
Sensor_0x53,614698,-0.055,0.196,0.12,
Sensor_0x1D,614705,8.098,-9.161,13.598,
Sensor_0x53,614733,-0.295,-0.194,-0.04,
Sensor_0x1D,614739,4.968,0.809,27.958,
Sensor_0x53,614766,0.415,0.116,-0.04,
Sensor_0x1D,614771,-0.132,-1.941,-19.982,
Sensor_0x53,614800,-0.055,0.116,0.43,
Sensor_0x1D,614804,9.668,-7.981,35.798,
Sensor_0x53,614833,0.105,0.116,-0.2,
Sensor_0x1D,614839,8.028,-2.651,35.878,
Sensor_0x53,614868,0.175,-0.514,-0.12,
Sensor_0x1D,614871,-5.002,1.509,-30.732,
Sensor_0x53,614901,-0.604,-0.274,-0.04,
Sensor_0x1D,614904,9.588,-9.941,29.128,
Sensor_0x53,614935,0.025,-0.194,0.19,
Sensor_0x1D,614938,-3.742,6.929,0.968,
Sensor_0x53,614968,0.105,-0.354,0.04,
Sensor_0x1D,614971,-9.392,4.489,-37.242,
Sensor_0x53,615003,0.335,0.116,-0.04,
Sensor_0x1D,615005,9.198,-9.781,27.328,
Sensor_0x53,615036,0.025,0.116,0.04,
Sensor_0x1D,615038,0.178,4.889,13.678,
Sensor_0x53,615070,0.105,-0.124,0.12,
Sensor_0x1D,615072,-11.352,6.929,-37.552,
Sensor_0x53,615103,0.255,0.116,0.19,
Sensor_0x1D,615107,-9.472,5.439,-37.942,
Sensor_0x53,615137,0.025,0.116,-0.04,
Sensor_0x1D,615140,8.568,-9.241,15.718,
Sensor_0x53,615170,-0.135,0.116,0.12,
Sensor_0x1D,615172,-10.732,8.569,-24.222,
Sensor_0x53,615205,-0.055,0.506,-0.04,
Sensor_0x1D,615206,-0.062,-2.491,-18.882,
Sensor_0x53,615239,0.025,0.116,0.12,
Sensor_0x1D,615239,9.668,-7.741,36.508,
Sensor_0x53,615272,0.335,0.116,-0.28,
Sensor_0x1D,615273,-7.902,8.489,-12.292,
Sensor_0x1D,615306,-4.762,1.279,-29.792,
Sensor_0x53,615307,-0.055,-0.124,0.04,
Sensor_0x53,615340,0.025,-0.044,0.12,
Sensor_0x1D,615340,9.588,-8.221,36.038,
Sensor_0x1D,615373,-4.062,7.319,0.258,
Sensor_0x53,615374,0.025,0.116,0.19,
Sensor_0x1D,615406,-5.392,1.899,-31.202,
Sensor_0x53,615407,-0.055,-0.044,0.27,
Sensor_0x1D,615440,9.278,-9.391,28.978,
Sensor_0x53,615441,0.025,0.116,-0.36,
Sensor_0x1D,615473,-3.902,6.609,1.518,
Sensor_0x53,615476,-0.055,-0.044,0.04,
Sensor_0x1D,615507,-9.162,4.729,-37.402,
Sensor_0x53,615509,-0.055,-0.044,-0.04,
Sensor_0x1D,615540,8.968,-9.391,17.358,
Sensor_0x53,615543,0.105,0.116,-0.2,
Sensor_0x1D,615574,3.708,1.979,24.188,
Sensor_0x53,615576,0.175,-0.124,-0.28,
Sensor_0x1D,615607,-11.902,7.869,-33.162,
Sensor_0x53,615610,0.255,0.116,0.04,
Sensor_0x1D,615641,6.458,-8.291,4.338,
Sensor_0x53,615644,-0.055,0.116,0.04,
Sensor_0x1D,615674,6.928,-1.781,33.918,
Sensor_0x53,615678,-0.604,-0.434,-0.12,
Sensor_0x1D,615708,-10.732,8.569,-24.762,
Sensor_0x53,615711,-0.295,-0.194,-0.2,
Sensor_0x1D,615741,0.338,-2.571,-18.492,
Sensor_0x53,615745,0.105,0.116,-0.04,
Sensor_0x1D,615775,8.728,-5.311,37.758,
Sensor_0x53,615778,0.175,0.116,0.12,
Sensor_0x1D,615808,-5.082,7.469,-3.352,
Sensor_0x53,615813,0.175,0.116,0.04,
Sensor_0x1D,615842,-4.212,0.959,-29.162,
Sensor_0x53,615847,-0.215,-0.124,0.04,
Sensor_0x1D,615875,9.588,-9.391,30.618,
Sensor_0x53,615880,-0.055,-0.044,0.12,
Sensor_0x1D,615909,-1.392,5.669,9.598,
Sensor_0x53,615913,0.025,-0.124,-0.04,
Sensor_0x1D,615942,-10.732,6.059,-38.102,
Sensor_0x53,615948,-0.055,-0.044,-0.04,
Sensor_0x1D,615975,8.968,-9.861,19.878,
Sensor_0x53,615981,0.105,0.116,0.12,
Sensor_0x1D,616009,2.998,2.529,22.148,
Sensor_0x53,616015,0.255,0.116,-0.12,
Sensor_0x1D,616042,-11.432,6.529,-37.872,
Sensor_0x53,616049,-0.055,-0.044,-0.04,
Sensor_0x1D,616076,6.928,-8.221,6.538,
Sensor_0x53,616082,-0.055,0.116,0.12,
Sensor_0x1D,616109,3.548,1.589,24.498,
Sensor_0x53,616117,-0.135,-0.194,0.04,
Sensor_0x1D,616143,-11.902,7.869,-32.852,
Sensor_0x53,616150,0.255,0.116,0.04,
Sensor_0x1D,616176,4.018,-5.781,-6.962,
Sensor_0x53,616184,0.105,-0.274,-0.04,
Sensor_0x1D,616210,8.338,-4.921,37.998,
Sensor_0x53,616217,0.105,0.116,0.12,
Sensor_0x1D,616243,-8.692,8.259,-14.252,
Sensor_0x53,616252,0.255,0.036,0.35,
Sensor_0x1D,616277,-0.372,-2.491,-19.512,
Sensor_0x53,616285,-0.055,0.116,0.04,
Sensor_0x1D,616310,9.358,-7.821,36.188,
Sensor_0x53,616319,-0.375,-0.044,0.04,
Sensor_0x1D,616344,-4.532,7.399,-1.782,
Sensor_0x53,616352,-0.135,0.116,-0.04,
Sensor_0x1D,616377,-8.372,3.709,-36.382,
Sensor_0x53,616387,0.175,0.116,0.51,
Sensor_0x1D,616411,8.728,-9.711,20.268,
Sensor_0x53,616420,-0.055,0.196,0.04,
Sensor_0x1D,616444,2.998,2.919,20.818,
Sensor_0x53,616454,0.495,0.116,0.19,
Sensor_0x1D,616478,-11.202,6.689,-38.022,
Sensor_0x53,616487,0.335,-0.194,0.04,
Sensor_0x1D,616511,7.158,-8.451,7.318,
Sensor_0x53,616522,-0.055,0.036,-0.51,
Sensor_0x1D,616544,3.868,2.219,23.558,
Sensor_0x53,616555,0.025,0.036,-0.2,
Sensor_0x1D,616578,-11.822,6.689,-37.322,
Sensor_0x53,616589,-0.135,-0.194,0.04,
Sensor_0x1D,616611,6.768,-8.611,4.968,
Sensor_0x53,616622,-0.055,0.116,0.04,
Sensor_0x1D,616644,0.728,4.019,15.398,
Sensor_0x53,616657,-0.135,-0.124,-0.04,
Sensor_0x1D,616678,-11.752,7.949,-32.302,
Sensor_0x53,616690,-0.295,-0.044,0.04,
Sensor_0x1D,616711,5.988,-7.981,2.298,
Sensor_0x53,616724,0.105,0.116,0.04,
Sensor_0x1D,616745,7.318,-2.881,34.778,
Sensor_0x53,616758,0.105,0.116,-0.36,
Sensor_0x1D,616778,-11.672,8.179,-30.962,
Sensor_0x53,616791,0.105,0.036,0.04,
Sensor_0x1D,616812,2.688,-4.531,-11.042,
Sensor_0x53,616826,-0.215,-0.044,0.04,
Sensor_0x1D,616845,8.728,-5.861,37.918,
Sensor_0x53,616859,0.025,-0.194,-0.04,
Sensor_0x1D,616878,-9.782,8.489,-20.212,
Sensor_0x53,616893,0.025,0.116,0.04,
Sensor_0x1D,616912,-1.622,-1.231,-23.042,
Sensor_0x53,616926,-0.055,-0.044,0.35,
Sensor_0x1D,616945,9.908,-8.451,34.698,
Sensor_0x53,616961,-0.055,-0.194,-0.12,
Sensor_0x1D,616979,-6.172,8.179,-7.822,
Sensor_0x53,616994,-0.135,-0.194,-0.04,
Sensor_0x1D,617012,-2.332,-0.451,-25.082,
Sensor_0x53,617028,-0.295,0.116,-0.28,
Sensor_0x1D,617045,9.748,-8.761,33.918,
Sensor_0x53,617062,0.255,0.116,0.04,
Sensor_0x1D,617079,-5.782,7.629,-5.702,
Sensor_0x53,617096,-0.445,-0.044,-0.04,
Sensor_0x1D,617112,-6.652,3.239,-34.732,
Sensor_0x53,617130,-0.055,0.116,0.04,
Sensor_0x1D,617146,9.118,-9.861,23.878,
Sensor_0x53,617164,0.025,0.116,-0.2,
Sensor_0x1D,617179,1.828,3.239,17.678,
Sensor_0x53,617198,0.105,0.116,0.04,
Sensor_0x1D,617213,-10.412,6.059,-37.942,
Sensor_0x53,617231,0.025,0.116,0.04,
Sensor_0x1D,617246,7.628,-9.081,10.538,
Sensor_0x53,617266,0.645,0.116,-0.04,
Sensor_0x1D,617280,5.828,-0.451,30.388,
Sensor_0x53,617299,-0.295,0.116,-0.04,
Sensor_0x1D,617313,-12.222,7.319,-34.812,
Sensor_0x53,617333,-0.055,-0.044,0.35,
Sensor_0x1D,617347,1.828,-3.901,-13.782,
Sensor_0x53,617368,0.255,0.116,-0.51,
Sensor_0x1D,617380,9.278,-6.571,37.678,
Sensor_0x53,617401,0.025,-0.194,0.12,
Sensor_0x1D,617414,-9.392,8.569,-17.232,
Sensor_0x53,617434,-0.055,-0.044,0.04,
Sensor_0x1D,617447,-2.252,0.019,-26.102,
Sensor_0x53,617468,0.175,0.116,-0.28,
Sensor_0x1D,617481,9.668,-9.081,33.448,
Sensor_0x53,617501,0.255,0.116,-0.51,
Sensor_0x1D,617514,-5.392,7.079,-4.842,
Sensor_0x53,617535,-0.135,0.036,0.12,
Sensor_0x1D,617548,-7.672,3.319,-35.042,
Sensor_0x53,617568,-0.135,-0.194,0.35,
Sensor_0x1D,617581,8.968,-9.941,23.008,
Sensor_0x53,617603,0.025,-0.194,-0.12,
Sensor_0x1D,617615,2.138,3.399,18.778,
Sensor_0x53,617637,0.255,0.116,0.04,
Sensor_0x1D,617647,2.218,-4.291,-12.372,
Sensor_0x53,617671,0.025,-0.194,0.04,
Sensor_0x1D,617680,9.278,-6.331,37.918,
Sensor_0x53,617705,0.105,0.116,0.19,
Sensor_0x1D,617715,8.098,-3.351,36.508,
Sensor_0x53,617738,-0.055,-0.044,0.19,
Sensor_0x1D,617749,-9.312,8.339,-18.882,
Sensor_0x53,617773,0.025,0.116,0.59,
Sensor_0x1D,617781,9.358,-9.861,26.778,
Sensor_0x53,617806,0.025,0.116,0.04,
Sensor_0x1D,617815,0.568,4.419,14.378,
Sensor_0x53,617840,0.335,0.116,-0.51,
Sensor_0x1D,617848,-10.022,5.279,-37.712,
Sensor_0x53,617873,-0.055,-0.194,0.04,
Sensor_0x1D,617881,8.418,-9.311,14.308,
Sensor_0x53,617907,-0.055,0.116,-0.04,
Sensor_0x1D,617915,5.118,1.039,27.718,
Sensor_0x53,617942,-0.055,-0.044,-0.04,
Sensor_0x1D,617948,-11.672,8.099,-31.042,
Sensor_0x53,617975,0.105,0.036,0.04,
Sensor_0x1D,617982,3.158,-4.921,-10.722,
Sensor_0x53,618008,0.495,0.036,0.04,
Sensor_0x1D,618015,9.038,-5.861,38.228,
Sensor_0x53,618042,0.335,-0.274,-0.12,
Sensor_0x1D,618049,-9.942,8.569,-20.292,
Sensor_0x53,618077,0.025,-0.274,-0.12,
Sensor_0x1D,618082,-1.552,-1.471,-22.882,
Sensor_0x53,618110,0.335,0.196,-0.2,
Sensor_0x1D,618116,9.118,-6.571,37.528,
Sensor_0x53,618144,0.105,-0.274,-0.12,
Sensor_0x1D,618149,-6.572,7.949,-7.902,
Sensor_0x53,618177,0.025,-0.124,0.04,
Sensor_0x1D,618183,-6.572,3.079,-33.322,
Sensor_0x53,618212,0.105,0.116,0.12,
Sensor_0x1D,618216,8.888,-9.941,25.598,
Sensor_0x53,618245,0.025,0.116,0.35,
Sensor_0x1D,618250,-2.642,6.139,5.678,
Sensor_0x53,618279,0.415,0.196,0.04,
Sensor_0x1D,618283,-9.942,5.749,-38.182,
Sensor_0x53,618312,-0.055,-0.124,-0.12,
Sensor_0x1D,618317,9.038,-9.941,22.938,
Sensor_0x53,618347,0.025,0.116,-0.2,
Sensor_0x1D,618350,1.908,3.469,18.618,
Sensor_0x53,618380,0.025,0.116,0.04,
Sensor_0x1D,618384,-11.902,7.319,-35.432,
Sensor_0x53,618414,-0.055,0.116,0.04,
Sensor_0x1D,618417,5.278,-7.041,-1.312,
Sensor_0x53,618449,-0.295,-0.124,-0.2,
Sensor_0x1D,618451,7.788,-3.741,36.738,
Sensor_0x53,618482,0.025,-0.124,-0.12,
Sensor_0x1D,618484,-9.392,8.649,-17.942,
Sensor_0x53,618516,0.105,-0.434,0.04,
Sensor_0x1D,618518,0.958,-3.271,-16.372,
Sensor_0x53,618549,0.255,0.116,-0.04,
Sensor_0x1D,618551,9.198,-7.431,37.058,
Sensor_0x53,618584,-0.135,0.116,-0.36,
Sensor_0x1D,618585,-2.172,5.749,6.298,
Sensor_0x53,618617,0.255,-0.124,-0.2,
Sensor_0x1D,618618,-7.672,3.469,-35.512,
Sensor_0x53,618651,-0.055,0.116,0.27,
Sensor_0x1D,618652,8.968,-9.861,21.838,
Sensor_0x53,618684,-0.055,-0.044,0.12,
Sensor_0x1D,618685,2.528,3.239,20.658,
Sensor_0x53,618718,0.105,0.116,0.19,
Sensor_0x1D,618719,-11.672,7.319,-34.882,
Sensor_0x53,618751,0.105,-0.044,-0.12,
Sensor_0x1D,618752,5.198,-7.041,-3.432,
Sensor_0x53,618786,0.415,0.116,0.04,
Sensor_0x1D,618786,6.218,-1.001,32.508,
Sensor_0x53,618819,0.025,-0.514,-0.2,
Sensor_0x1D,618819,-10.962,8.339,-26.332,
Sensor_0x53,618853,0.255,0.116,-0.28,
Sensor_0x1D,618853,1.198,-3.041,-16.922,
Sensor_0x53,618886,-0.055,0.196,-0.04,
Sensor_0x1D,618886,9.668,-7.431,37.368,
Sensor_0x1D,618920,-8.292,8.259,-14.172,
Sensor_0x53,618921,-0.135,-0.354,0.04,
Sensor_0x1D,618953,-4.062,0.729,-29.162,
Sensor_0x53,618954,-0.135,0.116,0.04,
Sensor_0x1D,618987,9.438,-9.631,30.468,
Sensor_0x53,618988,-0.135,-0.124,-0.2,
Sensor_0x1D,619020,-4.372,7.239,-0.292,
Sensor_0x53,619023,0.105,-0.194,0.04,
Sensor_0x1D,619054,-8.762,4.259,-37.082,
Sensor_0x53,619055,-0.055,0.116,-0.28,
Sensor_0x1D,619087,8.728,-9.781,17.988,
Sensor_0x53,619090,-0.135,-0.044,-0.2,
Sensor_0x1D,619121,3.398,2.529,23.878,
Sensor_0x53,619123,0.025,-0.044,-0.2,
Sensor_0x1D,619154,-11.902,7.709,-33.472,
Sensor_0x53,619157,0.025,0.116,-0.12,
Sensor_0x1D,619188,4.258,-5.781,-6.962,
Sensor_0x53,619190,0.175,0.116,0.19,
Sensor_0x1D,619221,6.928,-1.861,34.228,
Sensor_0x53,619225,0.335,0.116,-0.43,
Sensor_0x1D,619255,-10.022,8.489,-23.272,
Sensor_0x53,619258,0.415,0.036,0.35,
Sensor_0x1D,619288,-0.292,-2.101,-20.212,
Sensor_0x53,619292,0.025,-0.044,0.12,
Sensor_0x1D,619322,9.668,-7.511,36.188,
Sensor_0x53,619327,-0.445,-0.194,0.12,
Sensor_0x1D,619355,-7.192,8.339,-10.332,
Sensor_0x53,619360,0.105,0.116,0.04,
Sensor_0x1D,619388,-5.392,2.059,-31.512,
Sensor_0x53,619394,0.175,0.116,0.12,
Sensor_0x1D,619422,9.118,-6.571,37.678,
Sensor_0x53,619427,0.255,0.196,0.04,
Sensor_0x1D,619455,-5.942,8.259,-7.192,
Sensor_0x53,619462,0.025,-0.194,-0.04,
Sensor_0x1D,619489,-6.652,2.999,-33.942,
Sensor_0x53,619495,-0.135,-0.124,-0.12,
Sensor_0x1D,619522,9.278,-10.181,24.818,
Sensor_0x53,619529,-0.135,-0.124,-0.04,
Sensor_0x1D,619556,-2.102,5.749,6.538,
Sensor_0x53,619562,0.255,0.116,-0.2,
Sensor_0x1D,619589,-10.332,5.749,-38.102,
Sensor_0x53,619597,0.025,-0.044,-0.2,
Sensor_0x1D,619623,8.418,-9.001,10.768,
Sensor_0x53,619630,-0.055,-0.044,0.12,
Sensor_0x1D,619656,5.668,-0.061,30.148,
Sensor_0x53,619664,-0.055,0.116,-0.04,
Sensor_0x1D,619690,-11.982,7.629,-34.572,
Sensor_0x53,619697,0.175,0.116,0.19,
Sensor_0x1D,619723,4.728,-6.491,-4.292,
Sensor_0x53,619732,0.025,0.116,-0.12,
Sensor_0x1D,619756,6.528,-1.311,33.288,
Sensor_0x53,619765,0.025,-0.354,0.04,
Sensor_0x1D,619788,-3.272,0.649,-27.282,
Sensor_0x53,619799,0.025,-0.044,0.19,
Sensor_0x1D,619822,9.518,-9.311,31.638,
Sensor_0x53,619832,-0.295,-0.194,0.04,
Sensor_0x1D,619855,-7.672,8.099,-12.212,
Sensor_0x53,619866,0.255,0.116,0.27,
Sensor_0x1D,619888,-5.002,1.899,-30.412,
Sensor_0x53,619899,-0.295,-0.514,-0.2,
Sensor_0x1D,619922,9.588,-8.291,35.168,
Sensor_0x53,619934,-0.055,-0.354,0.12,
Sensor_0x1D,619955,-3.432,6.999,2.688,
Sensor_0x53,619967,0.105,0.196,-0.28,
Sensor_0x1D,619989,-6.652,2.449,-33.472,
Sensor_0x53,620002,-0.055,0.036,0.19,
Sensor_0x1D,620022,9.038,-9.941,25.048,
Sensor_0x53,620034,0.105,0.116,-0.28,
Sensor_0x1D,620056,1.278,3.629,16.188,
Sensor_0x53,620069,0.105,0.116,-0.2,
Sensor_0x1D,620089,-10.182,5.749,-37.942,
Sensor_0x53,620102,-0.295,-0.124,0.12,
Sensor_0x1D,620123,7.398,-8.451,11.008,
Sensor_0x53,620136,0.575,0.116,0.12,
Sensor_0x1D,620156,2.848,3.159,20.498,
Sensor_0x53,620170,0.335,0.116,-0.28,
Sensor_0x1D,620189,-11.902,7.789,-35.042,
Sensor_0x53,620203,0.255,-0.194,-0.04,
Sensor_0x1D,620223,4.888,-6.731,-3.742,
Sensor_0x53,620238,0.105,-0.194,0.04,
Sensor_0x1D,620256,6.298,-1.311,33.058,
Sensor_0x53,620271,-0.135,-0.044,-0.04,
Sensor_0x1D,620290,-10.882,8.649,-25.312,
Sensor_0x53,620305,0.105,0.196,0.12,
Sensor_0x1D,620323,0.178,-3.041,-18.252,
Sensor_0x53,620338,0.105,-0.044,-0.12,
Sensor_0x1D,620357,8.498,-5.471,37.918,
Sensor_0x53,620373,-0.215,-0.044,-0.12,
Sensor_0x1D,620390,-7.902,8.259,-11.822,
Sensor_0x53,620405,0.025,0.196,0.27,
Sensor_0x1D,620424,-4.682,1.829,-30.412,
Sensor_0x53,620440,-0.055,-0.274,-0.04,
Sensor_0x1D,620457,9.588,-8.221,34.938,
Sensor_0x53,620474,0.255,-0.194,-0.04,
Sensor_0x1D,620491,-3.192,6.689,2.378,
Sensor_0x53,620507,0.255,-0.354,-0.04,
Sensor_0x1D,620524,-6.412,2.609,-33.322,
Sensor_0x53,620542,-0.295,-0.194,-0.2,
Sensor_0x1D,620558,9.358,-9.941,25.448,
Sensor_0x53,620575,-0.055,-0.044,0.04,
Sensor_0x1D,620591,1.828,3.789,16.498,
Sensor_0x53,620609,0.415,0.116,0.04,
Sensor_0x1D,620625,-12.452,6.849,-36.772,
Sensor_0x53,620642,-0.055,0.036,0.27,
Sensor_0x1D,620658,7.548,-9.311,11.088,
Sensor_0x53,620676,0.025,-0.124,0.12,
Sensor_0x1D,620691,2.608,3.549,20.658,
Sensor_0x53,620710,-0.055,-0.274,-0.28,
Sensor_0x1D,620725,-12.842,6.689,-34.812,
Sensor_0x53,620744,0.105,0.116,0.04,
Sensor_0x1D,620758,7.238,-8.761,7.008,
Sensor_0x53,620777,0.025,0.116,0.19,
Sensor_0x1D,620792,7.008,0.019,32.978,
Sensor_0x53,620811,-0.055,0.116,0.04,
Sensor_0x1D,620825,-11.512,8.259,-25.162,
Sensor_0x53,620844,0.255,0.196,-0.04,
Sensor_0x1D,620859,0.098,-3.191,-18.962,
Sensor_0x53,620879,0.175,0.036,0.04,
Sensor_0x1D,620892,9.118,-4.211,37.608,
Sensor_0x53,620912,0.025,0.196,-0.36,
Sensor_0x1D,620926,-7.672,7.949,-11.512,
Sensor_0x53,620946,0.255,-0.194,-0.04,
Sensor_0x1D,620959,-5.392,0.569,-30.882,
Sensor_0x53,620980,0.105,0.116,0.27,
Sensor_0x1D,620991,-0.602,5.119,12.888,
Sensor_0x53,621014,0.025,0.116,0.19,
Sensor_0x1D,621025,-11.672,5.749,-37.322,
Sensor_0x53,621049,0.025,0.116,0.04,
Sensor_0x1D,621058,7.238,-7.821,3.638,
Sensor_0x53,621082,-0.135,-0.124,0.04,
Sensor_0x1D,621092,3.548,1.669,27.248,
Sensor_0x53,621116,-0.055,-0.044,0.12,
Sensor_0x1D,621125,-11.592,7.869,-22.412,
Sensor_0x53,621149,0.025,0.356,0.35,
Sensor_0x53,621183,-0.055,-0.044,-0.2,
Sensor_0x53,621216,0.335,0.116,-0.2,
Sensor_0x53,621251,-0.055,-0.194,-0.2,
Sensor_0x53,621285,-0.055,-0.124,0.19,
Sensor_0x53,621319,0.175,0.356,-0.04,
Sensor_0x53,621353,0.255,0.116,0.12,
Sensor_0x53,621386,0.255,0.196,0.04,
Sensor_0x53,621421,0.255,-0.124,0.35,
Sensor_0x53,621454,0.255,0.116,0.19,
Sensor_0x53,621488,0.175,0.036,-0.04,
Sensor_0x53,621521,0.575,0.196,0.12,
Sensor_0x53,621556,0.025,0.036,-0.36,
Sensor_0x53,621589,0.105,0.356,0.12,
Sensor_0x53,621623,0.255,0.036,0.12,
Sensor_0x53,621656,0.575,0.116,0.51,
Sensor_0x53,621690,-0.055,0.356,0.19,
Sensor_0x53,621725,0.025,-0.044,0.04,
Sensor_0x53,621758,0.025,0.116,-0.28,
Sensor_0x53,621792,0.415,0.116,0.43,
Sensor_0x53,621825,-0.135,-0.194,-0.12,
Sensor_0x53,621860,-0.055,-0.124,-0.04,
Sensor_0x53,621893,-0.604,-0.274,-0.2,
Sensor_0x53,621927,0.105,-0.194,-0.04,
Sensor_0x53,621961,0.025,-0.044,-0.04,
Sensor_0x53,621995,-0.215,-0.124,-0.2,
Sensor_0x53,622028,-0.135,-0.124,0.04,
Sensor_0x53,622063,0.025,-0.194,0.04,
Sensor_0x53,622097,-0.215,-0.194,0.04,
Sensor_0x53,622130,-0.375,-0.194,-0.04,
Sensor_0x53,622164,0.105,0.116,0.43,
Sensor_0x53,622197,0.255,0.116,-0.2,
Sensor_0x53,622232,0.025,0.116,0.35,
Sensor_0x53,622265,0.025,-0.274,0.19,
Sensor_0x53,622299,0.335,0.116,-0.04,
Sensor_0x53,622332,-0.295,-0.044,0.04,
Sensor_0x53,622367,0.175,-0.124,0.12,
Sensor_0x53,622401,-0.135,-0.044,0.04,
Sensor_0x53,622434,0.025,-0.044,-0.2,
Sensor_0x53,622469,-0.055,0.116,-0.12,
Sensor_0x53,622502,0.415,0.116,0.12,
Sensor_0x53,622536,-0.055,0.116,-0.12,
Sensor_0x53,622569,0.105,0.116,0.12,
Sensor_0x53,622604,0.105,0.116,-0.36,
Sensor_0x53,622637,0.335,0.116,0.04,
Sensor_0x53,622671,-0.055,0.036,0.04,
Sensor_0x53,622704,-0.055,-0.044,-0.04,
Sensor_0x53,622739,0.025,0.116,-0.2,
Sensor_0x53,622772,-0.055,-0.044,0.04,
Sensor_0x53,622806,0.025,-0.044,0.04,
Sensor_0x53,622841,-0.135,-0.124,0.12,
Sensor_0x53,622874,0.415,-0.194,-0.28,
Sensor_0x53,622908,-0.055,0.116,0.19,
Sensor_0x53,622941,0.025,0.116,-0.04,
Sensor_0x53,622976,-0.055,-0.124,0.12,
Sensor_0x53,623010,-0.055,0.116,0.04,
Sensor_0x53,623044,-0.215,0.116,-0.04,
Sensor_0x53,623078,-0.055,-0.124,0.04,
Sensor_0x53,623111,0.025,0.116,0.43,
Sensor_0x53,623146,-0.375,-0.274,0.12,
Sensor_0x53,623178,-0.055,0.116,0.04,
Sensor_0x53,623213,-0.055,0.116,-0.04,
Sensor_0x53,623246,0.175,0.196,0.19,
Sensor_0x53,623281,0.335,0.116,-0.43,
Sensor_0x53,623314,-0.135,0.036,-0.04,
Sensor_0x53,623348,0.255,0.116,-0.04,
Sensor_0x53,623381,0.575,0.116,0.19,
Sensor_0x53,623415,0.255,0.276,-0.28,
Sensor_0x53,623450,0.335,0.116,0.51,
Sensor_0x53,623483,-0.295,0.036,0.43,
Sensor_0x53,623517,-0.295,-0.194,-0.28,
Sensor_0x53,623550,-0.215,-0.044,0.35,
Sensor_0x53,623585,-0.055,-0.044,0.12,
Sensor_0x53,623618,-0.295,-0.194,-0.04,
Sensor_0x53,623652,0.025,-0.194,-0.04,
Sensor_0x53,623685,0.335,-0.744,-0.36,
Sensor_0x53,623719,0.105,0.036,0.19,
Sensor_0x53,623752,0.105,0.116,0.12,
Sensor_0x53,623787,-0.135,-0.124,0.51,
Sensor_0x53,623820,0.495,0.116,0.43,
Sensor_0x53,623854,0.335,0.116,-0.04,
Sensor_0x53,623889,0.105,0.116,0.35,
Sensor_0x53,623922,-0.135,-0.194,-0.04,
Sensor_0x53,623956,-0.055,-0.044,0.19,
Sensor_0x53,623990,-0.135,0.116,-0.04,
Sensor_0x53,624024,-0.135,-0.044,0.04,
Sensor_0x53,624057,-0.055,0.116,0.12,
Sensor_0x53,624092,0.025,-0.194,-0.2,
Sensor_0x53,624125,0.105,0.116,0.51,
Sensor_0x53,624159,-0.055,0.116,0.35,
Sensor_0x53,624192,0.175,-0.124,0.04,
Sensor_0x53,624227,0.105,-0.044,0.43,
Sensor_0x53,624261,0.105,0.116,-0.2,
Sensor_0x53,624294,-0.055,0.356,0.27,
Sensor_0x53,624328,-0.135,-0.194,0.04,
Sensor_0x53,624361,0.105,0.356,0.19,
Sensor_0x53,624395,0.495,0.116,0.04,
